分類,商品名,サイズ・種類,カラー,型番,JANコード,備考
スーツケース,多機能スーツケース,S,マットブラック,,4595056434054,
,多機能スーツケース,S,マットシルバー,,4595056434061,
,多機能スーツケース,S,マットホワイト,,4595056434078,
,多機能スーツケース,S,マットグレー,,4595056434009,
,多機能スーツケース,S,エナメルシルバー,,4595056434092,
,多機能スーツケース,S,エナメルホワイト,,4595056434108,
,多機能スーツケース,S,エナメルスカイブルー,,4595056434030,
,多機能スーツケース,S,エナメルピンク,,4595056434122,
,多機能スーツケース,S,エナメルカーキ,,4595056434139,
,多機能スーツケース,M,マットシルバー,,4595056434016,
,多機能スーツケース,M,マットブラック,,4595056434153,
,多機能スーツケース,M,マットホワイト,,4595056434160,
,多機能スーツケース,M,マットグレー,,4595056434177,
,多機能スーツケース,M,エナメルシルバー,,4595056434184,
,多機能スーツケース,M,エナメルカーキ,,4595056434603,
,多機能スーツケース,L,マットシルバー,,4595056434443,
,多機能スーツケース,L,マットブラック,,4595056434450,
,多機能スーツケース,L,エナメルシルバー,,4595056434467,
,多機能スーツケース,L,マットグレー,,4595056434474,
,多機能スーツケース,L,マットホワイト,,4595056434481,
,多機能アルミニウム,S,ブラック,,4595056434405,
,多機能アルミニウム,S,シルバー,,4595056434412,
,大容量多機能,XL,ブラック,,4595056434429,
,大容量多機能,XL,シルバー,,4595056434436,
,クラシックアルミニウム,S,シルバー,,4595056434023,
,クラシックアルミニウム,S,ブラック,,4595056434511,
,ジップスーツケース,S,シルバー,,4595056434498,
,ジップスーツケース,S,ブラック,,4595056434504,
季節商品,ハンディファン,首振り,ホワイト,,4595056434191,
,ハンディファン,首振り,ブラック,,4595056434207,
,ハンディファン,スケルトン,ホワイト,,4595056434214,
,ハンディファン,スケルトン,ブラック,,4595056434221,
,ハンディファン,スケルトン,パープル,,4595056434238,
,ハンディファン,クリップ,ホワイト,,4595056434528,
,ハンディファン,クリップ,ダークグレー,,4595056434535,
,ハンディファン,ミニ,パープル,MSF001,4595056434542,
,ハンディファン,ミニ,ブルー,MSF002,4595056434559,
,ハンディファン,ミニ,ホワイト,MSF003,4595056434566,
,ハンディファン,ミニ,ダークグレー,MSF004,4595056434573,
,ハンディファン,超軽量,ホワイト,,4595056434580,
,ハンディファン,超軽量,グリーン,,4595056434597,
,電子カイロ,,ベージュ,,4595056434252,
,電子カイロ,,ブラック,,4595056434306,
,電子カイロ,,グレージュ,,4595056434313,
旅行用品,マルチ充電器,,,,4595056434030,⚠️エナメルスカイブルーSに使用
,圧縮バック,,アッシュグレー,,4595056434047,
,圧縮バック,,コーラルピンク,,4595056434283,
,圧縮バック,,サンドベージュ,,4595056434290,
,モバイルバッテリー,,,,4595056434245,
美容家電,電動洗顔ブラシ,,ベージュ,,4595056434269,
,電動洗顔ブラシ,,オリーブ,,4595056434351,
,電動洗顔ブラシ,,ブルー,,4595056434368,
,電動洗顔ブラシ,,ピンク,,4595056434375,
,電動洗顔ブラシ,,パープル,,4595056434382,
,電動洗顔ブラシ,,グレー,,4595056434399,
,ミニイオンドライヤー,,ホワイト,,4595056434276,
,ミニイオンドライヤー,,ブラック,,4595056434320,
,ミニイオンドライヤー,,グレー,,4595056434337,
,ミニイオンドライヤー,,オリーブ,,4595056434344,
残ってる,残ってるJAN,,⚠️使用不可,,4595056434085,元マットグレーS
,残ってるJAN,,⚠️使用不可,,4595056434146,元マットシルバーM
使用予定あり,,✅下書/写真/文言,使用予定あり,,4595056434610,ジップ用Sシルバー
,,✅下書/写真/文言,使用予定あり,,4595056434627,ジップ用Sブラック
,,✅下書/写真/文言,使用予定あり,,4595056434634,ジップ用Mシルバー
,,✅下書/写真/文言,使用予定あり,,4595056434641,ジップ用Mブラック
,,✅下書/写真,使用予定あり,,4595056434658,ノーマルMシルバー
,,✅下書/写真,使用予定あり,,4595056434665,ノーマルMシルバー/オレンジ
,,✅下書/写真,使用予定あり,,4595056434672,ノーマルMシルバー/グリーン
,,✅下書/写真,使用予定あり,,4595056434689,ノーマルMブラック
,,✅下書/写真,使用予定あり,,4595056434696,ノーマルMブラック/オレンジ
,,✅下書/写真,使用予定あり,,4595056434702,ノーマルMブラック/グリーン
,,✅下書/写真,使用予定あり,,4595056434719,ノーマルSシルバー/オレンジ
,,✅下書/写真,使用予定あり,,4595056434726,ノーマルSシルバー/グリーン
,,✅下書/写真,使用予定あり,,4595056434733,ノーマルSブラック/オレンジ
,,✅下書/写真,使用予定あり,,4595056434740,ノーマルSブラック/グリーン
,,✅下書/写真/容量/サイズ,使用予定あり,,4595056434757,ノーマルアルミL/シルバー
,,✅下書/写真,使用予定あり,,4595056434764,ノーマルアルミL/ブラック
,,✅下書/写真,使用予定あり,,4595056434771,ノーマルアルミL/シルバー/オレンジ
,,✅下書/写真,使用予定あり,,4595056434788,ノーマルアルミL/シルバー/グリーン
,,✅下書/写真,使用予定あり,,4595056434795,ノーマルアルミL/ブラック/オレンジ
,,✅下書/写真,使用予定あり,,4595056434801,ノーマルアルミL/ブラック/グリーン
,,,使用予定あり,,4595056434818,ドライヤーホルダー立てかけ
,,,使用予定あり,,4595056434825,ドライヤーホルダー壁掛け
,,,,,⚠️最終番号：459505643482＋5,